ID_TURMADISC,COD_TURMA,CODDISC,CODFILIAL,CODPERLET
1270,EAVES01IA,ES26001,1,2026
1271,EAVES01IA,ESMS0001,1,2026
1272,EAVES01IA,ESMS00021,1,2026
1274,EAVES01IA,ESMS0003,1,2026
1275,EAVES01IA,ESMS0004,1,2026
1276,EAVES01IA,ESMS0005,1,2026
1277,EAVES01IA,ESMS0006,1,2026
1278,EAVES01IA,ESMS0007,1,2026
1279,EAVES01IA,ESMS0008,1,2026
1280,EAVES01IA,ESMS0009,1,2026
1281,EAVES01IA,ESMS0010,1,2026
1282,EAVES01IA,ESMSHS0013,1,2026
1283,EAVES01IA,ESMSHS0014,1,2026
1284,EAVES01IB,ES26001,1,2026
1285,EAVES01IB,ESMS0001,1,2026
1286,EAVES01IB,ESMS00021,1,2026
1288,EAVES01IB,ESMS0003,1,2026
1289,EAVES01IB,ESMS0004,1,2026
1290,EAVES01IB,ESMS0005,1,2026
1291,EAVES01IB,ESMS0006,1,2026
1292,EAVES01IB,ESMS0007,1,2026
1293,EAVES01IB,ESMS0008,1,2026
1294,EAVES01IB,ESMS0009,1,2026
1295,EAVES01IB,ESMS0010,1,2026
1296,EAVES01IB,ESMSHS0013,1,2026
1297,EAVES01IB,ESMSHS0014,1,2026
1367,EAVES02IA,ES26001,1,2026
1368,EAVES02IA,ESMS0001,1,2026
1369,EAVES02IA,ESMS00021,1,2026
1371,EAVES02IA,ESMS0003,1,2026
1372,EAVES02IA,ESMS0004,1,2026
1373,EAVES02IA,ESMS0005,1,2026
1374,EAVES02IA,ESMS0006,1,2026
1375,EAVES02IA,ESMS0007,1,2026
1376,EAVES02IA,ESMS0008,1,2026
1377,EAVES02IA,ESMS0009,1,2026
1378,EAVES02IA,ESMS0010,1,2026
1379,EAVES02IA,ESMSHS0013,1,2026
1380,EAVES02IA,ESMSHS0014,1,2026
1381,EAVES02IB,ES26001,1,2026
1382,EAVES02IB,ESMS0001,1,2026
1383,EAVES02IB,ESMS00021,1,2026
1385,EAVES02IB,ESMS0003,1,2026
1386,EAVES02IB,ESMS0004,1,2026
1387,EAVES02IB,ESMS0005,1,2026
1388,EAVES02IB,ESMS0006,1,2026
1389,EAVES02IB,ESMS0007,1,2026
1390,EAVES02IB,ESMS0008,1,2026
1391,EAVES02IB,ESMS0009,1,2026
1392,EAVES02IB,ESMS0010,1,2026
1393,EAVES02IB,ESMSHS0013,1,2026
1394,EAVES02IB,ESMSHS0014,1,2026
1409,EAVES03IA,ES26001,1,2026
1410,EAVES03IA,ESMS0001,1,2026
1411,EAVES03IA,ESMS00021,1,2026
1413,EAVES03IA,ESMS0003,1,2026
1414,EAVES03IA,ESMS0004,1,2026
1415,EAVES03IA,ESMS0005,1,2026
1416,EAVES03IA,ESMS0006,1,2026
1417,EAVES03IA,ESMS0007,1,2026
1418,EAVES03IA,ESMS0008,1,2026
1419,EAVES03IA,ESMS0009,1,2026
1420,EAVES03IA,ESMS0010,1,2026
1421,EAVES03IA,ESMSHS0013,1,2026
1422,EAVES03IA,ESMSHS0014,1,2026
1423,EAVES03IB,ES26001,1,2026
1424,EAVES03IB,ESMS0001,1,2026
1425,EAVES03IB,ESMS00021,1,2026
1427,EAVES03IB,ESMS0003,1,2026
1428,EAVES03IB,ESMS0004,1,2026
1429,EAVES03IB,ESMS0005,1,2026
1430,EAVES03IB,ESMS0006,1,2026
1431,EAVES03IB,ESMS0007,1,2026
1432,EAVES03IB,ESMS0008,1,2026
1433,EAVES03IB,ESMS0009,1,2026
1434,EAVES03IB,ESMS0010,1,2026
1435,EAVES03IB,ESMSHS0013,1,2026
1436,EAVES03IB,ESMSHS0014,1,2026
1454,EAVES04IA,ES26001,1,2026
1455,EAVES04IA,ESMS0001,1,2026
1456,EAVES04IA,ESMS00021,1,2026
1458,EAVES04IA,ESMS0003,1,2026
1459,EAVES04IA,ESMS0004,1,2026
1460,EAVES04IA,ESMS0005,1,2026
1461,EAVES04IA,ESMS0006,1,2026
1462,EAVES04IA,ESMS0007,1,2026
1463,EAVES04IA,ESMS0008,1,2026
1464,EAVES04IA,ESMS0009,1,2026
1465,EAVES04IA,ESMS0010,1,2026
1466,EAVES04IA,ESMSHS0013,1,2026
1467,EAVES04IA,ESMSHS0014,1,2026
1468,EAVES04IB,ES26001,1,2026
1469,EAVES04IB,ESMS0001,1,2026
1470,EAVES04IB,ESMS00021,1,2026
1472,EAVES04IB,ESMS0003,1,2026
1473,EAVES04IB,ESMS0004,1,2026
1474,EAVES04IB,ESMS0005,1,2026
1475,EAVES04IB,ESMS0006,1,2026
1476,EAVES04IB,ESMS0007,1,2026
1477,EAVES04IB,ESMS0008,1,2026
1478,EAVES04IB,ESMS0009,1,2026
1479,EAVES04IB,ESMS0010,1,2026
1480,EAVES04IB,ESMSHS0013,1,2026
1481,EAVES04IB,ESMSHS0014,1,2026
1498,EAVES05IA,ES26001,1,2026
1499,EAVES05IA,ESMS0001,1,2026
1500,EAVES05IA,ESMS00021,1,2026
1502,EAVES05IA,ESMS0003,1,2026
1503,EAVES05IA,ESMS0004,1,2026
1504,EAVES05IA,ESMS0005,1,2026
1505,EAVES05IA,ESMS0006,1,2026
1506,EAVES05IA,ESMS0007,1,2026
1507,EAVES05IA,ESMS0008,1,2026
1508,EAVES05IA,ESMS0009,1,2026
1509,EAVES05IA,ESMS0010,1,2026
1510,EAVES05IA,ESMSHS0013,1,2026
1511,EAVES05IA,ESMSHS0014,1,2026
1512,EAVES05IB,ES26001,1,2026
1513,EAVES05IB,ESMS0001,1,2026
1514,EAVES05IB,ESMS00021,1,2026
1516,EAVES05IB,ESMS0003,1,2026
1517,EAVES05IB,ESMS0004,1,2026
1518,EAVES05IB,ESMS0005,1,2026
1519,EAVES05IB,ESMS0006,1,2026
1520,EAVES05IB,ESMS0007,1,2026
1521,EAVES05IB,ESMS0008,1,2026
1522,EAVES05IB,ESMS0009,1,2026
1523,EAVES05IB,ESMS0010,1,2026
1524,EAVES05IB,ESMSHS0013,1,2026
1525,EAVES05IB,ESMSHS0014,1,2026
1231,EAVHS10IA,ESMSHS0013,2,2026
1232,EAVHS10IA,HS0001,2,2026
1233,EAVHS10IA,HS00021,2,2026
1234,EAVHS10IA,HS0003,2,2026
1235,EAVHS10IA,HS00030,2,2026
1236,EAVHS10IA,HS0004,2,2026
1237,EAVHS10IA,HS0005,2,2026
1238,EAVHS10IA,HS0006,2,2026
1239,EAVHS10IA,HS0007,2,2026
1240,EAVHS10IA,HS0008,2,2026
1241,EAVHS10IA,HS0011,2,2026
1614,EAVHS10IA,HS0019,2,2026
1243,EAVHS10IA,HS0042,2,2026
1613,EAVHS10IA,HS0043,2,2026
1246,EAVHS10IA,HS26001,2,2026
1247,EAVHS10IA,HS26002,2,2026
1248,EAVHS10IA,HS26003,2,2026
1676,EAVHS10IA,HS26005,2,2026
1714,EAVHS10IA,MSHS26ELA,2,2026
1715,EAVHS10IA,MSHS26MATH,2,2026
1654,EAVHS10IB,ESMSHS0013,2,2026
1655,EAVHS10IB,HS0001,2,2026
1656,EAVHS10IB,HS00021,2,2026
1657,EAVHS10IB,HS0003,2,2026
1658,EAVHS10IB,HS00030,2,2026
1659,EAVHS10IB,HS0004,2,2026
1660,EAVHS10IB,HS0005,2,2026
1661,EAVHS10IB,HS0006,2,2026
1662,EAVHS10IB,HS0007,2,2026
1663,EAVHS10IB,HS0008,2,2026
1664,EAVHS10IB,HS0011,2,2026
1672,EAVHS10IB,HS0019,2,2026
1665,EAVHS10IB,HS0042,2,2026
1666,EAVHS10IB,HS0043,2,2026
1669,EAVHS10IB,HS26001,2,2026
1670,EAVHS10IB,HS26002,2,2026
1671,EAVHS10IB,HS26003,2,2026
1677,EAVHS10IB,HS26005,2,2026
1716,EAVHS10IB,MSHS26ELA,2,2026
1717,EAVHS10IB,MSHS26MATH,2,2026
1710,EAVHS10IG,HS0004,2,2026
1711,EAVHS10IG,HS0005,2,2026
1712,EAVHS10IG,MSHS26ELA,2,2026
1713,EAVHS10IG,MSHS26MATH,2,2026
1250,EAVHS11IA,ESMSHS0013,2,2026
1251,EAVHS11IA,HS0001,2,2026
1252,EAVHS11IA,HS00021,2,2026
1253,EAVHS11IA,HS0003,2,2026
1254,EAVHS11IA,HS00030,2,2026
1255,EAVHS11IA,HS0004,2,2026
1256,EAVHS11IA,HS0005,2,2026
1257,EAVHS11IA,HS0006,2,2026
1258,EAVHS11IA,HS0007,2,2026
1259,EAVHS11IA,HS0008,2,2026
1260,EAVHS11IA,HS0011,2,2026
1261,EAVHS11IA,HS0037,2,2026
1262,EAVHS11IA,HS0038,2,2026
1263,EAVHS11IA,HS0042,2,2026
1266,EAVHS11IA,HS26001,2,2026
1267,EAVHS11IA,HS26002,2,2026
1268,EAVHS11IA,HS26003,2,2026
1526,EAVHS12IA,ESMSHS0013,2,2026
1527,EAVHS12IA,HS0001,2,2026
1528,EAVHS12IA,HS00021,2,2026
1529,EAVHS12IA,HS00030,2,2026
1530,EAVHS12IA,HS0004,2,2026
1531,EAVHS12IA,HS0005,2,2026
1532,EAVHS12IA,HS0006,2,2026
1533,EAVHS12IA,HS0007,2,2026
1534,EAVHS12IA,HS0008,2,2026
1615,EAVHS12IA,HS0037,2,2026
1616,EAVHS12IA,HS0038,2,2026
1537,EAVHS12IA,HS0042,2,2026
1540,EAVHS12IA,HS0047,2,2026
1541,EAVHS12IA,HS26001,2,2026
1542,EAVHS12IA,HS26002,2,2026
1298,EAVMS06IA,ESMS0001,2,2026
1299,EAVMS06IA,ESMS00021,2,2026
1301,EAVMS06IA,ESMS0003,2,2026
1302,EAVMS06IA,ESMS0004,2,2026
1303,EAVMS06IA,ESMS0005,2,2026
1304,EAVMS06IA,ESMS0006,2,2026
1305,EAVMS06IA,ESMS0007,2,2026
1306,EAVMS06IA,ESMS0008,2,2026
1307,EAVMS06IA,ESMS0009,2,2026
1308,EAVMS06IA,ESMS0010,2,2026
1309,EAVMS06IA,ESMSHS0013,2,2026
1310,EAVMS06IA,MS0006,2,2026
1311,EAVMS06IA,MS26001,2,2026
1680,EAVMS06IA,MSHS26ELA,2,2026
1681,EAVMS06IA,MSHS26MATH,2,2026
1312,EAVMS06IB,ESMS0001,2,2026
1313,EAVMS06IB,ESMS00021,2,2026
1315,EAVMS06IB,ESMS0003,2,2026
1316,EAVMS06IB,ESMS0004,2,2026
1317,EAVMS06IB,ESMS0005,2,2026
1318,EAVMS06IB,ESMS0006,2,2026
1319,EAVMS06IB,ESMS0007,2,2026
1320,EAVMS06IB,ESMS0008,2,2026
1321,EAVMS06IB,ESMS0009,2,2026
1322,EAVMS06IB,ESMS0010,2,2026
1323,EAVMS06IB,ESMSHS0013,2,2026
1324,EAVMS06IB,MS0006,2,2026
1325,EAVMS06IB,MS26001,2,2026
1682,EAVMS06IB,MSHS26ELA,2,2026
1683,EAVMS06IB,MSHS26MATH,2,2026
1684,EAVMS06IG,ESMS0004,2,2026
1685,EAVMS06IG,ESMS0006,2,2026
1678,EAVMS06IG,MSHS26ELA,2,2026
1679,EAVMS06IG,MSHS26MATH,2,2026
1326,EAVMS07IA,ESMS0001,2,2026
1327,EAVMS07IA,ESMS00021,2,2026
1329,EAVMS07IA,ESMS0003,2,2026
1330,EAVMS07IA,ESMS0004,2,2026
1331,EAVMS07IA,ESMS0005,2,2026
1332,EAVMS07IA,ESMS0006,2,2026
1333,EAVMS07IA,ESMS0007,2,2026
1334,EAVMS07IA,ESMS0008,2,2026
1335,EAVMS07IA,ESMS0009,2,2026
1336,EAVMS07IA,ESMS0010,2,2026
1337,EAVMS07IA,ESMSHS0013,2,2026
1338,EAVMS07IA,MS0006,2,2026
1339,EAVMS07IA,MS26001,2,2026
1690,EAVMS07IA,MSHS26ELA,2,2026
1691,EAVMS07IA,MSHS26MATH,2,2026
1340,EAVMS07IB,ESMS0001,2,2026
1341,EAVMS07IB,ESMS00021,2,2026
1343,EAVMS07IB,ESMS0003,2,2026
1344,EAVMS07IB,ESMS0004,2,2026
1345,EAVMS07IB,ESMS0005,2,2026
1346,EAVMS07IB,ESMS0006,2,2026
1347,EAVMS07IB,ESMS0007,2,2026
1348,EAVMS07IB,ESMS0008,2,2026
1349,EAVMS07IB,ESMS0009,2,2026
1350,EAVMS07IB,ESMS0010,2,2026
1351,EAVMS07IB,ESMSHS0013,2,2026
1352,EAVMS07IB,MS0006,2,2026
1353,EAVMS07IB,MS26001,2,2026
1692,EAVMS07IB,MSHS26ELA,2,2026
1693,EAVMS07IB,MSHS26MATH,2,2026
1686,EAVMS07IG,ESMS0004,2,2026
1687,EAVMS07IG,ESMS0006,2,2026
1688,EAVMS07IG,MSHS26ELA,2,2026
1689,EAVMS07IG,MSHS26MATH,2,2026
1354,EAVMS08IA,ESMS0001,2,2026
1355,EAVMS08IA,ESMS00021,2,2026
1357,EAVMS08IA,ESMS0003,2,2026
1358,EAVMS08IA,ESMS0004,2,2026
1359,EAVMS08IA,ESMS0005,2,2026
1360,EAVMS08IA,ESMS0006,2,2026
1361,EAVMS08IA,ESMS0007,2,2026
1362,EAVMS08IA,ESMS0008,2,2026
1363,EAVMS08IA,ESMS0009,2,2026
1364,EAVMS08IA,ESMS0010,2,2026
1365,EAVMS08IA,ESMSHS0013,2,2026
1437,EAVMS08IA,MS26001,2,2026
1366,EAVMS08IA,MS26002,2,2026
1702,EAVMS08IA,MSHS26ELA,2,2026
1703,EAVMS08IA,MSHS26MATH,2,2026
1395,EAVMS08IB,ESMS0001,2,2026
1396,EAVMS08IB,ESMS00021,2,2026
1398,EAVMS08IB,ESMS0003,2,2026
1399,EAVMS08IB,ESMS0004,2,2026
1400,EAVMS08IB,ESMS0005,2,2026
1401,EAVMS08IB,ESMS0006,2,2026
1402,EAVMS08IB,ESMS0007,2,2026
1403,EAVMS08IB,ESMS0008,2,2026
1404,EAVMS08IB,ESMS0009,2,2026
1405,EAVMS08IB,ESMS0010,2,2026
1406,EAVMS08IB,ESMSHS0013,2,2026
1408,EAVMS08IB,MS26001,2,2026
1407,EAVMS08IB,MS26002,2,2026
1704,EAVMS08IB,MSHS26ELA,2,2026
1705,EAVMS08IB,MSHS26MATH,2,2026
1694,EAVMS08IG,ESMS0004,2,2026
1695,EAVMS08IG,ESMS0006,2,2026
1696,EAVMS08IG,MSHS26ELA,2,2026
1697,EAVMS08IG,MSHS26MATH,2,2026
1438,EAVMS09IA,ESMS0001,2,2026
1439,EAVMS09IA,ESMS00021,2,2026
1441,EAVMS09IA,ESMS0003,2,2026
1442,EAVMS09IA,ESMS0004,2,2026
1674,EAVMS09IA,ESMS0005,2,2026
1443,EAVMS09IA,ESMS0006,2,2026
1444,EAVMS09IA,ESMS0007,2,2026
1445,EAVMS09IA,ESMS0008,2,2026
1446,EAVMS09IA,ESMS0009,2,2026
1447,EAVMS09IA,ESMSHS0013,2,2026
1449,EAVMS09IA,MS0002,2,2026
1453,EAVMS09IA,MS26001,2,2026
1482,EAVMS09IB,ESMS0001,2,2026
1483,EAVMS09IB,ESMS00021,2,2026
1485,EAVMS09IB,ESMS0003,2,2026
1486,EAVMS09IB,ESMS0004,2,2026
1675,EAVMS09IB,ESMS0005,2,2026
1487,EAVMS09IB,ESMS0006,2,2026
1488,EAVMS09IB,ESMS0007,2,2026
1489,EAVMS09IB,ESMS0008,2,2026
1490,EAVMS09IB,ESMS0009,2,2026
1491,EAVMS09IB,ESMSHS0013,2,2026
1493,EAVMS09IB,MS0002,2,2026
1497,EAVMS09IB,MS26001,2,2026
1544,EAVPS01IA,PS0002,1,2026
1546,EAVPS01IA,PS0017,1,2026
1547,EAVPS01IA,PS0021,1,2026
1548,EAVPS01IA,PS0029,1,2026
1549,EAVPS01IB,PS0002,1,2026
1551,EAVPS01IB,PS0017,1,2026
1552,EAVPS01IB,PS0021,1,2026
1553,EAVPS01IB,PS0029,1,2026
1554,EAVPS01MA,PS0002,1,2026
1556,EAVPS01MA,PS0017,1,2026
1557,EAVPS01MA,PS0021,1,2026
1558,EAVPS01MA,PS0029,1,2026
1559,EAVPS02IA,PS0002,1,2026
1561,EAVPS02IA,PS0017,1,2026
1562,EAVPS02IA,PS0021,1,2026
1563,EAVPS02IA,PS0029,1,2026
1564,EAVPS02IB,PS0002,1,2026
1566,EAVPS02IB,PS0017,1,2026
1567,EAVPS02IB,PS0021,1,2026
1568,EAVPS02IB,PS0029,1,2026
1617,EAVPS02MA,PS0002,1,2026
1619,EAVPS02MA,PS0017,1,2026
1620,EAVPS02MA,PS0021,1,2026
1621,EAVPS02MA,PS0029,1,2026
1569,EAVPS02MB,PS0002,1,2026
1571,EAVPS02MB,PS0017,1,2026
1572,EAVPS02MB,PS0021,1,2026
1573,EAVPS02MB,PS0029,1,2026
1574,EAVPS03IA,PS0002,1,2026
1576,EAVPS03IA,PS0017,1,2026
1577,EAVPS03IA,PS0021,1,2026
1578,EAVPS03IA,PS0029,1,2026
1579,EAVPS03IB,PS0002,1,2026
1581,EAVPS03IB,PS0017,1,2026
1582,EAVPS03IB,PS0021,1,2026
1583,EAVPS03IB,PS0029,1,2026
1584,EAVPS03MA,PS0002,1,2026
1586,EAVPS03MA,PS0017,1,2026
1587,EAVPS03MA,PS0021,1,2026
1588,EAVPS03MA,PS0029,1,2026
1589,EAVPS04IA,PS0001,1,2026
1590,EAVPS04IA,PS0002,1,2026
1592,EAVPS04IA,PS0012,1,2026
1593,EAVPS04IA,PS0017,1,2026
1594,EAVPS04IA,PS0029,1,2026
1595,EAVPS04IB,PS0001,1,2026
1596,EAVPS04IB,PS0002,1,2026
1598,EAVPS04IB,PS0012,1,2026
1599,EAVPS04IB,PS0017,1,2026
1600,EAVPS04IB,PS0029,1,2026
1601,EAVPS05IA,PS0001,1,2026
1602,EAVPS05IA,PS0002,1,2026
1604,EAVPS05IA,PS0012,1,2026
1605,EAVPS05IA,PS0017,1,2026
1606,EAVPS05IA,PS0029,1,2026
1607,EAVPS05IB,PS0001,1,2026
1608,EAVPS05IB,PS0002,1,2026
1610,EAVPS05IB,PS0012,1,2026
1611,EAVPS05IB,PS0017,1,2026
1612,EAVPS05IB,PS0029,1,2026
